founder_id,startup_id,role,equity_percentage,is_active
founder_736,startup_0,CEO,22.563688396290967,True
founder_487,startup_0,CPO,19.72787612634526,True
founder_701,startup_0,COO,10.16209155565642,True
founder_568,startup_0,CTO,15.127081105921743,True
founder_1758,startup_1,CEO,16.391459633046026,True
founder_1529,startup_1,Founder,12.210282969339547,True
founder_75,startup_1,CTO,10.623724898122322,True
founder_1650,startup_2,CEO,34.37597807798193,True
founder_279,startup_3,CEO,13.332000463513118,True
founder_999,startup_3,Founder,8.33128542498536,True
founder_879,startup_3,CTO,7.35047091124055,False
founder_1281,startup_4,CEO,38.886366092545636,True
founder_724,startup_4,Founder,9.479850681447179,True
founder_1916,startup_5,CEO,10.966606868599953,False
founder_1058,startup_5,Founder,13.724580558165156,True
founder_1485,startup_6,CEO,25.09557940475581,True
founder_1377,startup_7,CEO,20.398312420450413,True
founder_1451,startup_7,Founder,3.0226302592996603,True
founder_142,startup_7,Founder,6.811268776618615,True
founder_1699,startup_7,CTO,8.182356703680123,True
founder_1162,startup_8,CEO,36.03390007545484,True
founder_1270,startup_9,CEO,39.84621252988365,True
founder_1379,startup_9,Founder,17.60902310598349,True
founder_1433,startup_9,COO,17.336508545831766,True
founder_1549,startup_10,CEO,24.920710517890637,True
founder_1620,startup_10,COO,9.15234382110015,True
founder_1070,startup_10,COO,16.671017660685912,True
founder_85,startup_11,CEO,26.76544622111031,True
founder_997,startup_12,CEO,29.145071333546,True
founder_452,startup_12,Founder,6.503766386106566,True
founder_360,startup_13,CEO,27.532609565631592,True
founder_1949,startup_13,CTO,13.685536375633015,True
founder_1090,startup_14,CEO,7.585545700112128,True
founder_630,startup_15,CEO,12.629178559943727,True
founder_1081,startup_15,Founder,1.1593525035504464,True
founder_1256,startup_15,COO,18.34965036789691,True
founder_371,startup_16,CEO,13.34127577920941,True
founder_1308,startup_17,CEO,20.549966610041714,True
founder_773,startup_18,CEO,16.242980153930265,True
founder_396,startup_18,Founder,13.929908710328311,True
founder_1563,startup_19,CEO,31.580395401557077,True
founder_1144,startup_20,CEO,33.48328638370192,True
founder_1518,startup_20,CTO,8.463451562762426,True
founder_1015,startup_21,CEO,12.600070441191951,False
founder_347,startup_21,CTO,1.289594850652788,True
founder_1187,startup_21,CTO,10.671168060580994,True
founder_503,startup_22,CEO,26.481845940927965,True
founder_1804,startup_22,Founder,8.291285339451715,True
founder_1061,startup_22,COO,3.8185294468461066,True
founder_1496,startup_23,CEO,24.091496531274043,True
founder_1658,startup_23,CTO,5.724919443684131,True
founder_1761,startup_24,CEO,19.033306691066542,True
founder_121,startup_24,CPO,4.08443979430473,True
founder_1361,startup_25,CEO,39.97140489765785,True
founder_1816,startup_25,CTO,8.273935267222512,True
founder_1260,startup_25,COO,2.53812898640119,True
founder_974,startup_26,CEO,20.909918434283234,True
founder_1040,startup_26,CPO,9.99724247288344,True
founder_840,startup_27,CEO,35.00013873720293,True
founder_962,startup_27,CPO,19.999334638340756,True
founder_1035,startup_27,Founder,2.694288239260352,True
founder_649,startup_28,CEO,13.396276635616106,True
founder_832,startup_28,Founder,9.203818362553996,True
founder_1039,startup_29,CEO,27.090686374548497,True
founder_1548,startup_30,CEO,31.459676978038786,True
founder_1096,startup_30,Founder,8.279730213859207,True
founder_1190,startup_30,Founder,5.580886972095795,True
founder_1148,startup_31,CEO,38.69688352186996,True
founder_1990,startup_31,COO,7.644941571801708,True
founder_1304,startup_32,CEO,5.719843846789167,True
founder_1247,startup_32,CTO,10.812877946971549,True
founder_1175,startup_33,CEO,9.747510853861709,True
founder_431,startup_33,COO,18.005311618530182,True
founder_29,startup_33,COO,16.686870627149826,True
founder_1413,startup_33,CPO,8.260093299497989,True
founder_617,startup_34,CEO,33.192449836523004,True
founder_1455,startup_35,CEO,13.587435649000259,True
founder_983,startup_36,CEO,27.559321679083258,True
founder_65,startup_36,CPO,2.697286616207203,True
founder_896,startup_36,Founder,16.934897397940247,True
founder_1919,startup_37,CEO,34.500860212639864,True
founder_1598,startup_37,Founder,16.631541189927457,True
founder_938,startup_37,CPO,9.30176931710934,True
founder_1079,startup_38,CEO,17.535453006768662,True
founder_1810,startup_38,Founder,4.526273094018139,True
founder_1409,startup_38,COO,11.168551597471074,True
founder_496,startup_39,CEO,36.5178030838745,True
founder_1325,startup_39,CPO,3.9895615444993364,True
founder_281,startup_40,CEO,22.51683429418896,True
founder_1486,startup_40,CPO,10.781546209303597,True
founder_1399,startup_40,CTO,9.271253686845728,True
founder_113,startup_41,CEO,24.821447536011636,True
founder_1208,startup_41,CTO,5.4912289193064865,True
founder_401,startup_42,CEO,20.00163344802949,True
founder_1237,startup_43,CEO,27.057214313286423,True
founder_652,startup_43,Founder,12.724024154329275,True
founder_833,startup_43,CTO,3.626440010730484,True
founder_931,startup_44,CEO,35.69286133685379,False
founder_1023,startup_44,Founder,11.478100944380943,True
founder_89,startup_44,COO,19.564256672286465,True
founder_759,startup_44,COO,7.230857554647786,True
founder_385,startup_45,CEO,35.74265035319825,False
founder_430,startup_46,CEO,14.493001490916907,True
founder_512,startup_46,COO,6.981354363004836,True
founder_769,startup_47,CEO,13.668154356127337,True
founder_78,startup_47,CPO,7.987273249580349,True
founder_904,startup_47,Founder,15.99783672079937,True
founder_1686,startup_47,CPO,8.057917687184048,True
founder_1089,startup_48,CEO,16.3064844379536,True
founder_1527,startup_49,CEO,37.77828576606478,True
founder_28,startup_50,CEO,7.647042237085101,True
founder_623,startup_51,CEO,10.569367125909451,True
founder_1336,startup_52,CEO,26.368131031754217,True
founder_1159,startup_52,Founder,17.111823383799813,True
founder_1307,startup_53,CEO,36.702341308954345,False
founder_96,startup_53,CPO,1.4849706365951678,True
founder_1780,startup_53,Founder,7.553544304034462,True
founder_698,startup_53,CPO,18.984069105597726,True
founder_800,startup_54,CEO,11.274953535504219,True
founder_752,startup_54,COO,6.857353149861071,False
founder_1013,startup_54,Founder,3.431992680706095,True
founder_324,startup_55,CEO,16.397572017997483,True
founder_1931,startup_55,CPO,10.630500830426646,True
founder_1937,startup_55,COO,11.416057103253717,True
founder_1074,startup_55,CPO,15.189775103431344,True
founder_228,startup_56,CEO,7.032014742768279,True
founder_608,startup_56,CPO,1.3904704238214411,True
founder_743,startup_56,Founder,2.5156779230468334,True
founder_1753,startup_57,CEO,27.81151384782881,True
founder_1866,startup_58,CEO,30.810187104664944,True
founder_1449,startup_58,CPO,4.545238128713811,True
founder_412,startup_58,COO,7.966964458717964,True
founder_266,startup_59,CEO,6.821445401567098,True
founder_1847,startup_60,CEO,38.265653477094574,True
founder_1293,startup_61,CEO,19.465020617859746,True
founder_849,startup_61,CPO,14.030698714667224,True
founder_285,startup_62,CEO,28.741607497979256,True
founder_791,startup_63,CEO,18.196790021409992,True
founder_700,startup_64,CEO,39.893087817276324,True
founder_1215,startup_65,CEO,39.955682506818505,True
founder_423,startup_66,CEO,38.65922390038035,True
founder_171,startup_66,COO,7.416242908056552,True
founder_1167,startup_66,Founder,12.25349305835174,True
founder_179,startup_67,CEO,10.23282210056931,True
founder_1914,startup_68,CEO,31.18855879539986,False
founder_874,startup_68,CPO,19.252294283664746,False
founder_771,startup_69,CEO,33.375374901867374,True
founder_282,startup_70,CEO,24.03472685321381,True
founder_1423,startup_70,COO,7.0981960240275574,True
founder_239,startup_71,CEO,38.4575197307064,True
founder_442,startup_71,COO,12.916676127071634,True
founder_814,startup_72,CEO,14.709941741323828,True
founder_218,startup_73,CEO,22.774355678290625,True
founder_804,startup_74,CEO,33.02395077768945,True
founder_1494,startup_74,CTO,9.851927881339956,True
founder_1941,startup_75,CEO,35.20799301208851,True
founder_1520,startup_75,Founder,1.7832427424328046,True
founder_123,startup_75,Founder,17.627357834485366,True
founder_457,startup_76,CEO,38.98714935678645,True
founder_1382,startup_77,CEO,15.836781757434519,True
founder_1128,startup_77,CPO,8.338040795494496,True
founder_845,startup_78,CEO,36.91534687000103,True
founder_1735,startup_78,Founder,3.609903926816033,True
founder_1671,startup_79,CEO,30.636231788589125,True
founder_1852,startup_80,CEO,14.692026289472885,True
founder_18,startup_80,CTO,5.2021809993791575,True
founder_46,startup_80,CTO,12.829066645155809,False
founder_1596,startup_81,CEO,8.85094993192357,True
founder_1316,startup_81,CTO,3.127249070121309,True
founder_1342,startup_81,CPO,12.364586788858386,True
founder_1042,startup_82,CEO,12.902823357130107,True
founder_1143,startup_82,CPO,3.383200695744078,True
founder_1624,startup_83,CEO,7.506047623904469,True
founder_1924,startup_83,COO,6.182178790542417,True
founder_1365,startup_83,Founder,1.9436237126868563,True
founder_541,startup_84,CEO,25.398234892029343,True
founder_1509,startup_84,Founder,11.55830475117745,True
founder_434,startup_84,COO,5.507153972135418,True
founder_376,startup_84,CPO,2.441347839765746,True
founder_524,startup_85,CEO,23.85085715240832,True
founder_735,startup_85,CTO,2.7959520359324435,True
founder_97,startup_86,CEO,14.649882686328393,True
founder_1954,startup_87,CEO,16.628387914673908,True
founder_130,startup_88,CEO,20.16785139714658,True
founder_1445,startup_88,COO,19.577697855449074,True
founder_697,startup_89,CEO,29.601723805506904,True
founder_37,startup_90,CEO,34.727548496548984,True
founder_618,startup_91,CEO,23.34509251021698,True
founder_798,startup_91,CPO,18.705882648681726,True
founder_386,startup_91,Founder,10.857598683617516,True
founder_936,startup_92,CEO,20.62710547670169,True
founder_719,startup_92,CPO,13.104270539214,True
founder_741,startup_93,CEO,39.417985650304665,False
founder_482,startup_93,CTO,2.6113346160400006,True
founder_632,startup_94,CEO,32.08498473854982,False
founder_540,startup_94,CTO,5.317738344204228,True
founder_819,startup_95,CEO,33.136224527727194,True
founder_1765,startup_95,CTO,7.109472817784308,False
founder_363,startup_96,CEO,32.27281970600902,True
founder_1544,startup_96,COO,7.974301310575957,True
founder_1037,startup_96,Founder,11.97524075817445,True
founder_555,startup_97,CEO,11.216415244130804,True
founder_659,startup_98,CEO,17.60465701781019,True
founder_1210,startup_99,CEO,15.240398468157288,True
founder_471,startup_99,CPO,6.331652794270326,True
founder_245,startup_100,CEO,39.332756802035135,True
founder_1694,startup_101,CEO,10.169464856850203,True
founder_666,startup_101,CTO,13.247549875096883,True
founder_1688,startup_101,CPO,1.494202204642097,True
founder_745,startup_102,CEO,26.346106354969102,True
founder_563,startup_103,CEO,6.182607434486014,True
founder_449,startup_104,CEO,36.05673296314579,True
founder_915,startup_104,COO,12.094573670960544,True
founder_620,startup_105,CEO,19.480443817695658,True
founder_671,startup_105,COO,6.639237917211769,True
founder_766,startup_106,CEO,23.394150270225534,True
founder_456,startup_106,CTO,14.312680227129565,True
founder_190,startup_107,CEO,29.57209740778424,True
founder_1724,startup_107,Founder,17.706791652327937,True
founder_355,startup_108,CEO,21.28544899482839,True
founder_1201,startup_108,Founder,11.925881083944166,True
founder_1707,startup_109,CEO,26.958830034295076,False
founder_794,startup_110,CEO,28.400767445291557,True
founder_1424,startup_110,COO,9.451251213065456,True
founder_647,startup_111,CEO,19.43897631022491,True
founder_12,startup_112,CEO,29.29625879344139,True
founder_387,startup_113,CEO,20.919194772636896,True
founder_236,startup_113,COO,14.32919812452747,True
founder_292,startup_114,CEO,5.63804285768951,True
founder_1320,startup_114,Founder,11.319338202951283,False
founder_1806,startup_114,Founder,3.42249373576944,True
founder_1436,startup_115,CEO,11.141983597152329,False
founder_696,startup_115,Founder,16.816663576343615,True
founder_932,startup_116,CEO,16.464773951918403,True
founder_897,startup_116,CPO,9.1417023034029,True
founder_970,startup_116,CTO,4.077385446458964,True
founder_817,startup_117,CEO,16.334810624146932,True
founder_1980,startup_117,CTO,14.558919946795603,False
founder_80,startup_117,CPO,17.26818444822964,True
founder_1323,startup_118,CEO,11.79532058072132,True
founder_203,startup_118,CTO,9.727639412772762,True
founder_1356,startup_118,Founder,12.75813681618002,False
founder_1763,startup_118,CTO,8.64379220121493,False
founder_22,startup_119,CEO,13.220438965089096,True
founder_378,startup_119,CPO,16.355600835153037,True
founder_1904,startup_120,CEO,36.98747352302291,True
founder_604,startup_121,CEO,26.915881464071532,True
founder_1,startup_122,CEO,16.126156695629803,True
founder_498,startup_122,CTO,9.708377334465123,True
founder_821,startup_122,CTO,4.589412423017462,True
founder_380,startup_123,CEO,10.480447359492032,True
founder_1417,startup_124,CEO,8.35380436040186,True
founder_909,startup_124,CTO,19.129656092229734,False
founder_1226,startup_125,CEO,34.001788624129574,True
founder_1832,startup_125,CPO,18.73985421446524,True
founder_1025,startup_125,COO,10.698387173076096,True
founder_927,startup_126,CEO,27.698306101898197,False
founder_1895,startup_126,CPO,2.47965903452187,False
founder_1605,startup_127,CEO,24.92030844622537,True
founder_1989,startup_128,CEO,32.76230963671778,True
founder_1185,startup_128,CPO,11.86250245249318,True
founder_1010,startup_129,CEO,31.409005811847077,True
founder_726,startup_129,COO,17.075636859719694,True
founder_1439,startup_130,CEO,20.929723059942916,True
founder_399,startup_130,COO,14.355766547991994,True
founder_116,startup_131,CEO,24.10848981599014,True
founder_1003,startup_131,COO,17.802259742922313,True
founder_940,startup_132,CEO,32.314278408403,True
founder_1897,startup_132,Founder,9.235664474442961,True
founder_1298,startup_132,Founder,17.35883525927417,False
founder_526,startup_133,CEO,16.564020246737133,False
founder_1415,startup_133,COO,19.80490258948185,True
founder_1581,startup_133,CPO,2.747761480288105,True
founder_1690,startup_134,CEO,10.010186817901268,True
founder_1664,startup_134,CTO,7.234742849049635,True
founder_200,startup_134,CPO,7.540340582976383,True
founder_436,startup_134,COO,5.939811265094383,True
founder_1305,startup_135,CEO,17.38609425981834,False
founder_1920,startup_136,CEO,26.10536716051173,True
founder_262,startup_137,CEO,31.316089803399983,True
founder_397,startup_137,CTO,15.129500843645008,True
founder_26,startup_137,COO,12.390736227932564,True
founder_593,startup_138,CEO,9.384423407448352,True
founder_707,startup_139,CEO,8.99211347171504,True
founder_1344,startup_140,CEO,37.860527766660965,True
founder_533,startup_140,CTO,16.439531902578977,True
founder_1428,startup_141,CEO,38.060746896167444,True
founder_1476,startup_141,COO,11.814975455412599,True
founder_583,startup_141,Founder,4.956086516291965,True
founder_699,startup_142,CEO,13.87157688835007,True
founder_1874,startup_143,CEO,38.14810969189122,True
founder_57,startup_144,CEO,13.680957829051298,True
founder_763,startup_144,CPO,19.778146272468806,True
founder_918,startup_145,CEO,11.661627101608747,True
founder_877,startup_146,CEO,22.710963542449274,True
founder_1053,startup_146,Founder,18.899727620275694,True
founder_1858,startup_146,CPO,1.6230504297584647,True
founder_326,startup_147,CEO,9.831905290858534,True
founder_1738,startup_147,CPO,8.025819996993985,True
founder_546,startup_147,Founder,17.30463359441134,True
founder_751,startup_148,CEO,35.65731761117978,True
founder_259,startup_148,Founder,8.029803045110151,True
founder_460,startup_148,CPO,11.048654169553219,True
founder_998,startup_149,CEO,23.40422979119322,False
founder_219,startup_149,COO,16.78319732449134,True
founder_1979,startup_150,CEO,6.695035510937643,True
founder_1659,startup_150,Founder,1.1858677932731818,True
founder_1077,startup_150,COO,19.5706905834983,True
founder_1940,startup_151,CEO,5.220259877372183,True
founder_230,startup_151,Founder,2.535455781885703,True
founder_141,startup_151,Founder,7.173009020823031,True
founder_345,startup_151,CPO,10.33915923855968,True
founder_1661,startup_152,CEO,25.24815687361186,True
founder_1129,startup_153,CEO,33.05804981817869,True
founder_1429,startup_153,Founder,19.390119450660183,True
founder_68,startup_154,CEO,17.01888890430964,True
founder_1911,startup_154,CPO,6.133255202111917,True
founder_280,startup_155,CEO,8.25579859073687,True
founder_953,startup_155,CPO,9.351692694184752,True
founder_1716,startup_155,CPO,5.753223822775861,True
founder_866,startup_156,CEO,20.618355767124402,False
founder_1610,startup_156,COO,3.1976795376372777,True
founder_226,startup_156,CTO,4.975380845702196,True
founder_196,startup_157,CEO,22.571153359114078,False
founder_965,startup_157,CTO,1.1950181131027957,True
founder_1127,startup_157,Founder,3.0026543315781633,True
founder_873,startup_158,CEO,19.757575661005802,True
founder_494,startup_158,COO,18.93755926806526,True
founder_1447,startup_159,CEO,8.623587774832052,False
founder_1773,startup_159,COO,19.46168418077301,True
founder_1842,startup_160,CEO,7.823945728989314,False
founder_1110,startup_160,Founder,14.675648934736547,True
founder_1796,startup_160,CTO,9.934280182734216,True
founder_708,startup_160,Founder,3.7401894791178667,True
founder_1925,startup_161,CEO,38.02336450178657,True
founder_395,startup_161,CTO,13.121486166332843,True
founder_1851,startup_161,COO,13.67573982348918,True
founder_413,startup_162,CEO,12.466154528348337,False
founder_737,startup_163,CEO,5.072217139595069,True
founder_414,startup_163,COO,8.22093687281027,True
founder_1951,startup_163,Founder,19.105383778334538,False
founder_1197,startup_164,CEO,27.330180586503502,True
founder_433,startup_165,CEO,15.250877878055771,True
founder_781,startup_165,CTO,18.754958465057683,True
founder_109,startup_165,Founder,16.684826755992443,True
founder_249,startup_166,CEO,30.494284757469813,False
founder_930,startup_166,COO,1.45539845811981,True
founder_1204,startup_166,CPO,18.099368179445545,True
founder_920,startup_167,CEO,36.795816906380935,True
founder_1057,startup_167,COO,5.574136361881724,True
founder_1258,startup_167,CTO,6.855532557283837,True
founder_843,startup_168,CEO,35.7730455406582,True
founder_1232,startup_168,COO,7.665846706873274,True
founder_924,startup_168,COO,14.344805621618764,True
founder_811,startup_168,CPO,16.262391956475863,True
founder_383,startup_169,CEO,17.63341399616229,True
founder_1969,startup_169,CPO,14.509800790941645,True
founder_1098,startup_169,CTO,17.70192507716387,True
founder_864,startup_170,CEO,31.680984798903534,True
founder_284,startup_170,CPO,5.488385980319228,True
founder_1572,startup_171,CEO,7.452318035906394,True
founder_1291,startup_171,COO,12.081729858300458,True
founder_269,startup_172,CEO,21.536194750073612,True
founder_786,startup_172,CPO,2.731280126386404,True
founder_872,startup_172,CPO,2.7629428293663194,True
founder_1959,startup_172,Founder,9.641847042079242,True
founder_937,startup_173,CEO,36.85051456733961,True
founder_1234,startup_173,CTO,6.809130306228647,True
founder_683,startup_173,CTO,5.819692104536459,True
founder_1601,startup_174,CEO,14.484942749012781,True
founder_1173,startup_175,CEO,10.35334095388398,True
founder_1046,startup_175,COO,8.40532592342724,True
founder_168,startup_176,CEO,34.253484799692814,True
founder_1845,startup_176,COO,5.012461557538812,True
founder_907,startup_176,CPO,18.297491526022952,True
founder_474,startup_177,CEO,17.872025021734675,True
founder_1471,startup_177,CPO,5.121828265150778,True
founder_636,startup_177,Founder,11.112934671188555,True
founder_1158,startup_177,CPO,6.009485779969585,True
founder_852,startup_178,CEO,33.259870593660075,True
founder_479,startup_179,CEO,26.686181931576574,True
founder_146,startup_180,CEO,39.04148350551428,True
founder_1475,startup_181,CEO,30.935775802448926,True
founder_1646,startup_181,CPO,10.633045735807649,True
founder_1091,startup_181,CPO,8.623714373400723,True
founder_212,startup_181,COO,17.374685008927706,True
founder_1280,startup_182,CEO,10.485535613164163,True
founder_298,startup_182,COO,17.447710613498717,True
founder_875,startup_183,CEO,18.161703615759983,True
founder_1616,startup_183,Founder,13.95896215487825,False
founder_799,startup_184,CEO,5.291717933002602,True
founder_100,startup_185,CEO,27.862564538424163,True
founder_1150,startup_186,CEO,38.83074537042527,True
founder_55,startup_186,Founder,1.7448459444450166,True
founder_1294,startup_187,CEO,36.00253747389089,True
founder_973,startup_187,COO,13.882600719683685,True
founder_357,startup_187,CPO,2.6312923763673686,True
founder_1358,startup_188,CEO,38.25804115794256,True
founder_1926,startup_189,CEO,27.947679023515114,False
founder_1312,startup_189,CPO,11.894935315352747,True
founder_755,startup_190,CEO,37.526771956374525,True
founder_465,startup_190,COO,7.345529287241874,True
founder_369,startup_190,COO,17.333352832678695,True
founder_682,startup_190,CTO,17.255206945220156,False
founder_1600,startup_191,CEO,15.334927770914655,True
founder_964,startup_192,CEO,32.11179118072525,True
founder_1580,startup_192,CTO,12.152461256908477,True
founder_437,startup_192,COO,19.219904536489576,True
founder_952,startup_193,CEO,38.74319404006597,True
founder_462,startup_194,CEO,7.62312323271899,True
founder_1929,startup_194,CPO,10.721387909452696,True
founder_1710,startup_195,CEO,15.244861022872612,True
founder_550,startup_195,COO,9.305253096917687,True
founder_117,startup_196,CEO,14.667340773943232,True
founder_1945,startup_196,COO,14.884228225651766,False
founder_1747,startup_196,CPO,17.985088394039455,True
founder_309,startup_197,CEO,36.093173292193,True
founder_1069,startup_197,Founder,11.665176366712968,False
founder_1419,startup_197,Founder,4.100025283424408,False
founder_1750,startup_198,CEO,38.10996177948276,True
founder_278,startup_198,Founder,13.59172183929833,True
founder_1876,startup_198,CPO,1.5564684368465365,True
founder_275,startup_199,CEO,7.80693764976253,True
founder_213,startup_200,CEO,21.086731168791943,True
founder_1082,startup_200,CPO,7.725994049298433,True
founder_1571,startup_201,CEO,28.866626112880425,False
founder_1567,startup_201,CTO,10.332460671660469,True
founder_1771,startup_201,COO,10.335899674727381,True
founder_1404,startup_202,CEO,8.101257841756063,True
founder_657,startup_202,COO,15.29279181960592,False
founder_1012,startup_203,CEO,36.53328865591279,True
founder_595,startup_204,CEO,34.506558719578834,False
founder_1578,startup_205,CEO,5.864291109808277,True
founder_1745,startup_205,CPO,4.225168588514741,True
founder_1619,startup_205,Founder,17.640800375720264,True
founder_1798,startup_206,CEO,7.7175490204592885,True
founder_356,startup_206,CTO,12.160034967794841,True
founder_803,startup_206,COO,14.90738658087367,True
founder_299,startup_207,CEO,8.70450047599015,True
founder_815,startup_207,COO,6.754220210158187,False
founder_1839,startup_207,CPO,2.801049095019377,True
founder_1907,startup_208,CEO,17.352207592666876,True
founder_366,startup_208,CTO,5.209694230235617,False
founder_1808,startup_208,COO,6.175301717600089,True
founder_1939,startup_208,CPO,2.7525697556929356,True
founder_1355,startup_209,CEO,18.27090338105988,True
founder_56,startup_210,CEO,8.368108084850405,True
founder_476,startup_210,CTO,16.494064366511893,True
founder_470,startup_211,CEO,35.72528666856792,True
founder_723,startup_211,Founder,17.60897912901402,False
founder_934,startup_212,CEO,5.6600607473371625,True
founder_14,startup_213,CEO,14.754857283201355,False
founder_1791,startup_213,CTO,13.826388651910232,True
founder_848,startup_214,CEO,18.60840399746821,True
founder_1080,startup_214,Founder,12.019321395956442,True
founder_906,startup_215,CEO,5.813541038945233,True
founder_1599,startup_215,CPO,4.387047878940258,True
founder_79,startup_216,CEO,6.541791203082231,True
founder_521,startup_216,CTO,13.43080041382986,True
founder_253,startup_216,Founder,9.03225166532902,True
founder_1559,startup_216,COO,4.91384875104347,False
founder_1666,startup_217,CEO,33.99618510108296,True
founder_935,startup_217,Founder,8.470034966409534,True
founder_734,startup_217,CPO,18.186422213777867,False
founder_1425,startup_217,COO,1.053636646605194,True
founder_1680,startup_218,CEO,15.230103485037665,True
founder_1369,startup_218,COO,9.103909620035724,True
founder_398,startup_219,CEO,39.0442700723034,True
founder_1400,startup_220,CEO,8.463957656707002,True
founder_579,startup_221,CEO,11.439116008238337,True
founder_531,startup_221,CPO,12.521655660704853,False
founder_942,startup_222,CEO,13.351154233107552,True
founder_1063,startup_223,CEO,11.392102740024704,True
founder_1001,startup_223,CTO,10.953618249825588,True
founder_352,startup_223,CTO,16.46061651090791,True
founder_291,startup_224,CEO,39.679599352848115,True
founder_144,startup_224,CTO,12.484215682655124,True
founder_1770,startup_224,Founder,14.714171450501636,True
founder_392,startup_224,COO,1.337645657982016,True
founder_499,startup_225,CEO,11.051809908445843,False
founder_792,startup_226,CEO,10.139606852942538,True
founder_1536,startup_227,CEO,24.515777007603948,True
founder_822,startup_228,CEO,6.256079300243997,False
founder_1663,startup_228,COO,15.451052196369995,True
founder_1153,startup_229,CEO,27.169121904566307,False
founder_828,startup_230,CEO,19.120444863986123,False
founder_1374,startup_230,Founder,14.323295302201707,False
founder_1510,startup_230,CTO,12.97338745359869,True
founder_1560,startup_231,CEO,18.843316433391248,True
founder_147,startup_231,Founder,11.518605760158577,True
founder_1999,startup_232,CEO,24.11882643898048,True
founder_859,startup_232,CPO,13.636519481305937,True
founder_1267,startup_233,CEO,15.385217872763947,True
founder_1299,startup_233,CTO,16.585918832068735,True
founder_900,startup_234,CEO,30.018271196600207,True
founder_1557,startup_234,Founder,9.07192890457885,False
founder_1777,startup_235,CEO,22.126192348711413,True
founder_454,startup_236,CEO,16.854122702489,False
founder_205,startup_236,Founder,16.339397845118377,True
founder_1717,startup_236,CPO,6.688551626865392,False
founder_1615,startup_237,CEO,5.291920057636624,True
founder_1691,startup_237,CPO,18.66455714663896,True
founder_1778,startup_237,CTO,6.146991832566278,True
founder_1935,startup_237,COO,11.997065029431202,True
founder_95,startup_238,CEO,7.9127800147353575,True
founder_535,startup_238,CTO,2.3167566311187158,True
founder_1314,startup_239,CEO,36.665510132655754,True
founder_1726,startup_239,CTO,9.296140729957136,True
founder_816,startup_239,Founder,15.372368103067968,True
founder_856,startup_240,CEO,34.13367806042267,True
founder_1579,startup_240,CTO,1.437137884212424,True
founder_453,startup_240,CPO,16.40376111439802,True
founder_1974,startup_240,CTO,16.886467346813184,False
founder_288,startup_241,CEO,34.74242515887201,True
founder_1626,startup_242,CEO,26.349262307254513,True
founder_1392,startup_242,CPO,4.083521151724344,True
founder_576,startup_243,CEO,26.072827344882057,True
founder_350,startup_243,CPO,7.633790147570043,True
founder_1769,startup_244,CEO,31.947021286628164,True
founder_267,startup_244,CPO,11.500393848205142,True
founder_427,startup_245,CEO,34.44273341607237,True
founder_1566,startup_245,CPO,9.205967582731168,True
founder_336,startup_245,CPO,16.1509100609487,True
founder_1123,startup_246,CEO,30.45167838317103,True
founder_329,startup_247,CEO,20.140716575248938,True
founder_511,startup_248,CEO,12.566137915000393,True
founder_633,startup_248,COO,10.285562715796113,True
founder_1017,startup_249,CEO,29.618947236142354,True
founder_1410,startup_249,COO,2.5275262039311834,True
founder_1556,startup_250,CEO,15.811028326305912,True
founder_1565,startup_250,Founder,18.645010233819487,True
founder_1794,startup_251,CEO,35.669059835686525,True
founder_639,startup_251,CTO,7.4894190475628015,True
founder_1048,startup_251,Founder,4.574006069389995,True
founder_1393,startup_252,CEO,18.14761219253998,True
founder_49,startup_253,CEO,5.973233815115394,True
founder_112,startup_254,CEO,33.20480607521711,False
founder_1617,startup_254,CTO,19.758597505436185,True
founder_1846,startup_254,CPO,1.1588602273726718,True
founder_265,startup_255,CEO,34.5324389575847,True
founder_183,startup_256,CEO,13.630010662478776,True
founder_1822,startup_256,Founder,3.968288459539741,True
founder_1730,startup_257,CEO,35.81224758836247,True
founder_1570,startup_258,CEO,26.925125788503696,True
founder_1211,startup_258,COO,16.653688394825025,True
founder_1194,startup_258,CPO,13.453355486738431,False
founder_1402,startup_259,CEO,9.388258898212534,True
founder_1196,startup_260,CEO,8.62728501316762,True
founder_410,startup_260,CPO,7.123280881483445,True
founder_1233,startup_261,CEO,24.596645866502662,True
founder_393,startup_261,Founder,4.879189177339816,True
founder_1163,startup_262,CEO,8.460436229088712,True
founder_402,startup_262,CPO,5.499989922575758,True
founder_1133,startup_263,CEO,23.45848406708254,True
founder_592,startup_263,COO,10.3600983733867,True
founder_1583,startup_263,Founder,14.171012867262299,True
founder_615,startup_264,CEO,18.53715697717363,False
founder_1390,startup_265,CEO,32.768673299831576,True
founder_1104,startup_265,COO,10.178883038730916,True
founder_478,startup_266,CEO,25.66033769253745,True
founder_1523,startup_266,CTO,16.31195418188799,True
founder_1543,startup_266,CTO,2.7049478654687236,True
founder_584,startup_267,CEO,22.11875132135428,True
founder_346,startup_267,CTO,11.028635432116612,True
founder_1848,startup_268,CEO,33.19490630997075,True
founder_1388,startup_268,Founder,19.626991117759633,True
founder_1814,startup_268,CPO,10.173602912576158,True
founder_1829,startup_269,CEO,33.10746135702946,True
founder_1728,startup_269,Founder,1.5413423054249233,True
founder_495,startup_269,COO,19.283650318999825,True
founder_166,startup_270,CEO,20.482453084604515,True
founder_1384,startup_270,CPO,8.954542230411665,True
founder_353,startup_270,COO,4.061039127448919,True
founder_543,startup_271,CEO,27.05826353809337,True
founder_136,startup_271,Founder,4.129701336153485,False
founder_438,startup_272,CEO,13.154077516872423,True
founder_525,startup_272,CTO,13.330699937626466,True
founder_224,startup_273,CEO,11.176210525036137,True
founder_1878,startup_273,CTO,18.95305488323853,True
founder_692,startup_273,COO,8.332283118067863,True
founder_1905,startup_274,CEO,26.42076145446101,True
founder_461,startup_275,CEO,9.734900131558362,True
founder_1967,startup_275,CPO,16.954130856535294,True
founder_1994,startup_275,CTO,14.934137442066154,False
founder_455,startup_276,CEO,39.357639245210464,True
founder_515,startup_276,CPO,8.201997218710586,True
founder_1085,startup_277,CEO,32.87244049195313,True
founder_1116,startup_277,CTO,8.128173702652521,True
founder_1576,startup_278,CEO,9.316403971945574,False
founder_539,startup_279,CEO,39.09734717443504,True
founder_933,startup_279,CPO,13.838202064456887,True
founder_878,startup_279,COO,13.529372200930014,True
founder_693,startup_280,CEO,16.6375987611059,True
founder_1473,startup_281,CEO,27.331664749295005,True
founder_1744,startup_281,CTO,4.426637585398053,True
founder_768,startup_282,CEO,21.601661817513378,True
founder_343,startup_283,CEO,13.738038707577148,True
founder_1834,startup_283,Founder,14.53942357477631,True
founder_1517,startup_284,CEO,36.60363841329482,True
founder_678,startup_284,CPO,6.4921293186648175,True
founder_140,startup_284,CTO,1.7734901355942587,False
founder_1022,startup_284,CPO,18.27861555227903,True
founder_1448,startup_285,CEO,31.9168945069634,True
founder_137,startup_285,CTO,18.276287420061493,False
founder_1975,startup_286,CEO,9.988074448375702,True
founder_1230,startup_286,Founder,5.474813261416515,True
founder_1768,startup_286,CPO,14.96557858898576,True
founder_1502,startup_287,CEO,29.34955549555575,True
founder_1275,startup_287,COO,8.671280718462754,True
founder_1352,startup_287,CTO,18.546343933820523,True
founder_272,startup_288,CEO,30.679064602502237,True
founder_963,startup_288,CTO,12.32566451107544,True
founder_1149,startup_289,CEO,31.626082840648376,True
founder_1474,startup_289,Founder,6.953308451835448,True
founder_902,startup_290,CEO,35.974764309707595,False
founder_1623,startup_290,COO,15.305132418575056,False
founder_1813,startup_290,CTO,17.28330750869889,True
founder_400,startup_290,CTO,19.172996684721152,True
founder_1651,startup_291,CEO,36.49801854226661,True
founder_261,startup_291,Founder,10.469527561896165,True
founder_1604,startup_291,CTO,3.5089128879962477,True
founder_571,startup_291,CPO,18.07000676517864,True
founder_1157,startup_292,CEO,39.977869930370964,True
founder_1815,startup_292,CPO,6.2328124326148115,True
founder_981,startup_292,CPO,6.791795792333752,True
founder_1648,startup_293,CEO,23.19897330600133,False
founder_1286,startup_293,COO,2.3643518058873356,True
founder_25,startup_294,CEO,30.668658383471936,True
founder_1739,startup_294,CTO,5.483216599493479,True
founder_333,startup_295,CEO,33.46556555947403,True
founder_1108,startup_295,CPO,10.728795437261242,True
founder_1498,startup_296,CEO,7.93580235725317,True
founder_1387,startup_297,CEO,25.449317174707662,True
founder_1562,startup_298,CEO,26.274112378412177,True
founder_1347,startup_298,Founder,8.42216729931922,True
founder_463,startup_298,CPO,5.8986136669358675,True
founder_823,startup_298,COO,19.887342680400575,True
founder_1809,startup_299,CEO,24.41989597170209,False
founder_868,startup_300,CEO,17.39832352037146,True
founder_238,startup_300,CPO,4.540825563432364,True
founder_1051,startup_300,COO,6.503888155034731,True
founder_1988,startup_301,CEO,14.93006981753302,True
founder_742,startup_301,Founder,14.978204312552503,True
founder_1821,startup_302,CEO,13.161366245728198,True
founder_263,startup_302,COO,7.290541969688211,True
founder_84,startup_302,CTO,17.20335254418704,True
founder_1850,startup_303,CEO,31.100151216651025,True
founder_1857,startup_303,COO,12.086268903646413,True
founder_984,startup_303,CTO,3.104798431159697,True
founder_191,startup_304,CEO,11.886470886480371,True
founder_510,startup_304,Founder,14.3763771712289,True
founder_1998,startup_305,CEO,14.497630633527068,True
founder_403,startup_305,COO,12.274881371689075,True
founder_1014,startup_306,CEO,18.022323678165677,True
founder_1345,startup_306,COO,9.528195364761384,True
founder_446,startup_307,CEO,32.64302342865284,True
founder_1644,startup_307,CPO,5.973840116849329,True
founder_748,startup_308,CEO,5.7950247432998845,True
founder_1634,startup_308,CTO,6.891755890202412,True
founder_991,startup_309,CEO,10.369638485242342,True
founder_122,startup_309,CPO,9.582544761253564,True
founder_31,startup_310,CEO,30.849680416735346,True
founder_1257,startup_310,COO,15.101806051970657,True
founder_1731,startup_311,CEO,13.678962468899746,True
founder_1441,startup_311,CPO,8.946104078862925,True
founder_1621,startup_312,CEO,24.30886388620771,True
founder_157,startup_312,Founder,3.777917963950256,False
founder_1896,startup_313,CEO,35.550803882940336,True
founder_348,startup_313,COO,11.423561592454192,True
founder_1152,startup_313,Founder,16.230934713283048,True
founder_1586,startup_313,Founder,13.042636306238636,True
founder_120,startup_314,CEO,33.94615125528779,True
founder_1166,startup_314,Founder,10.260398119387402,False
founder_1906,startup_315,CEO,23.237918792788598,True
founder_1251,startup_315,CPO,17.381311737554576,True
founder_1689,startup_316,CEO,15.592584971731366,True
founder_519,startup_317,CEO,25.733314369731637,True
founder_1135,startup_317,CPO,5.7548432738956405,True
founder_417,startup_317,Founder,17.357149143357066,True
founder_114,startup_317,CPO,16.32425673307721,True
founder_439,startup_318,CEO,28.94650867640895,True
founder_1956,startup_318,COO,8.438487352481197,True
founder_215,startup_318,Founder,11.937849421187375,True
founder_30,startup_319,CEO,20.44021815250734,True
founder_537,startup_319,COO,8.203194792174923,True
founder_110,startup_320,CEO,6.852557502561282,True
founder_1881,startup_320,COO,6.458670190500804,True
founder_1783,startup_321,CEO,15.365440170879632,True
founder_1992,startup_322,CEO,28.067651499321506,True
founder_704,startup_322,COO,4.071878696660178,True
founder_1041,startup_323,CEO,32.04359215090527,False
founder_1595,startup_323,COO,15.352641145881915,True
founder_1165,startup_324,CEO,11.882994672281608,True
founder_466,startup_325,CEO,37.79145546656407,True
founder_1886,startup_325,CPO,18.33471013276668,True
founder_1973,startup_325,CPO,14.096279726239155,True
founder_574,startup_326,CEO,29.511955960703286,True
founder_257,startup_326,CPO,15.5578223217683,True
founder_406,startup_327,CEO,27.097101045541226,True
founder_1442,startup_328,CEO,14.61584591545115,True
founder_1952,startup_328,CTO,5.24045533262489,True
founder_1064,startup_329,CEO,25.484802428748427,True
founder_315,startup_329,CTO,12.254162842870095,True
founder_556,startup_329,CPO,1.6480859686435287,True
founder_390,startup_329,Founder,13.013185649156743,True
founder_1199,startup_330,CEO,21.740856341756952,True
founder_344,startup_331,CEO,33.84673211059029,True
founder_1932,startup_331,CPO,6.717924753880523,False
founder_98,startup_332,CEO,10.848206870214803,True
founder_1349,startup_332,COO,17.73214136874164,True
founder_52,startup_333,CEO,30.223716781651635,True
founder_1125,startup_333,Founder,19.43862706259386,True
founder_234,startup_334,CEO,5.190761367576033,True
founder_1203,startup_334,COO,5.705487589348262,True
founder_1774,startup_335,CEO,34.86125741080402,True
founder_1908,startup_336,CEO,27.53644203335088,True
founder_1071,startup_336,Founder,19.92799690244499,True
founder_1964,startup_337,CEO,23.915682924751195,True
founder_1612,startup_337,Founder,5.491365367064832,True
founder_1882,startup_337,CPO,14.430251040623494,True
founder_1558,startup_338,CEO,35.55900498243492,True
founder_27,startup_338,CPO,6.6126876211021575,False
founder_625,startup_339,CEO,20.69303470927361,True
founder_307,startup_339,CPO,9.405652974588081,True
founder_1948,startup_340,CEO,31.217012267242524,True
founder_1936,startup_340,COO,6.621837549217462,True
founder_764,startup_340,COO,9.546977273149178,True
founder_982,startup_341,CEO,38.37422462281752,False
founder_1607,startup_341,Founder,12.062238266619264,True
founder_1468,startup_342,CEO,7.183375671381384,True
founder_105,startup_342,CTO,4.203470266505026,True
founder_1922,startup_342,COO,14.1248224052936,True
founder_1371,startup_342,Founder,10.692813640048447,True
founder_669,startup_343,CEO,26.79315399274782,True
founder_1235,startup_343,CTO,10.629921369662833,True
founder_1359,startup_344,CEO,20.68390135361077,True
founder_1495,startup_345,CEO,37.89416981124587,False
founder_578,startup_345,CPO,18.9481585786514,True
founder_1236,startup_346,CEO,19.910993049677586,True
founder_1984,startup_347,CEO,32.93696691580941,True
founder_88,startup_348,CEO,27.63852792535854,True
founder_1902,startup_349,CEO,23.236935712435876,True
founder_370,startup_349,Founder,10.572302494001406,True
founder_1403,startup_350,CEO,24.959593092214284,True
founder_597,startup_350,CPO,1.3736636247927796,True
founder_881,startup_350,COO,6.457114271308724,True
founder_1407,startup_350,CTO,4.4831049214112575,True
founder_893,startup_351,CEO,8.051080479654896,True
founder_824,startup_352,CEO,16.0183012237453,True
founder_1278,startup_352,CPO,10.114984855731992,True
founder_858,startup_353,CEO,25.919296226070397,True
founder_529,startup_353,CPO,18.059617865761936,True
founder_1422,startup_353,CTO,16.52759856616656,True
founder_1241,startup_354,CEO,31.72283942085024,True
founder_76,startup_355,CEO,16.123741235339317,True
founder_1656,startup_355,CTO,5.683039884549983,True
founder_681,startup_356,CEO,39.85426310376697,True
founder_1978,startup_357,CEO,8.869659047937674,True
founder_233,startup_358,CEO,16.70800545863196,True
founder_1378,startup_358,Founder,17.168417813982543,True
founder_624,startup_358,COO,11.67189510908017,True
founder_167,startup_358,CPO,13.308442136787363,True
founder_1385,startup_359,CEO,34.3414938183717,True
founder_1746,startup_359,CTO,1.8661503832000366,True
founder_372,startup_360,CEO,33.6502884742862,True
founder_547,startup_360,CTO,3.39592170618896,True
founder_1889,startup_361,CEO,9.799065002843609,True
founder_960,startup_361,CPO,1.345025142026285,False
founder_518,startup_362,CEO,21.89680714403718,True
founder_1677,startup_363,CEO,28.142705420794268,True
founder_1420,startup_363,Founder,3.478610953669042,True
founder_1330,startup_364,CEO,10.057471809853979,True
founder_1903,startup_364,CTO,13.591364593994399,True
founder_703,startup_365,CEO,36.37657551874212,True
founder_921,startup_365,Founder,1.2940329582906527,True
founder_1351,startup_366,CEO,16.260577040904685,False
founder_486,startup_366,CPO,18.227497539700337,True
founder_1643,startup_367,CEO,30.564403295165512,True
founder_163,startup_367,CTO,10.080504389663682,True
founder_1266,startup_367,CPO,12.24202848460223,True
founder_415,startup_367,CPO,16.238695600885627,True
founder_1459,startup_368,CEO,24.015847845644767,True
founder_644,startup_368,CPO,1.1299132742126123,True
founder_627,startup_369,CEO,9.742376495895893,True
founder_1550,startup_370,CEO,34.98778905353818,True
founder_712,startup_370,CPO,10.994857892428485,True
founder_844,startup_370,CTO,18.021688393136106,True
founder_1749,startup_371,CEO,11.317778450219105,True
founder_506,startup_371,COO,6.909443576721296,True
founder_1966,startup_371,CTO,8.200585850274406,True
founder_1706,startup_372,CEO,14.709779285760007,True
founder_1246,startup_373,CEO,13.499867825039967,True
founder_1172,startup_373,Founder,6.608981679548558,True
founder_375,startup_374,CEO,26.98971506398991,True
founder_1827,startup_375,CEO,19.931743073779046,True
founder_32,startup_376,CEO,24.3254315661383,True
founder_1890,startup_376,COO,4.301707080807898,True
founder_1784,startup_377,CEO,31.342850135924337,False
founder_1762,startup_377,CTO,5.000168951343386,True
founder_1853,startup_377,Founder,2.6150349412095695,True
founder_174,startup_377,Founder,5.678538641127016,True
founder_379,startup_378,CEO,5.155626613789898,True
founder_1915,startup_379,CEO,20.919329965521907,True
founder_252,startup_380,CEO,13.316115378056685,True
founder_1437,startup_380,COO,12.132311912010453,True
founder_1608,startup_381,CEO,25.374375645811753,True
founder_53,startup_382,CEO,19.61285445694611,True
founder_1968,startup_382,Founder,14.764057180403384,True
founder_1823,startup_383,CEO,14.73450114716552,False
founder_1611,startup_383,CTO,5.115905714518684,True
founder_1060,startup_383,CTO,12.34159919290371,True
founder_1534,startup_384,CEO,5.635801879436803,True
founder_1631,startup_385,CEO,17.406027655372327,True
founder_1812,startup_385,COO,6.699276435707681,False
founder_295,startup_386,CEO,20.168123373344883,True
founder_319,startup_386,CPO,18.840487171669583,True
founder_1313,startup_387,CEO,8.02536864552171,True
founder_349,startup_387,CTO,5.492792293174499,True
founder_1899,startup_388,CEO,18.109607262876516,True
founder_1309,startup_388,COO,7.093075222283208,True
founder_4,startup_388,CTO,13.953774780332814,True
founder_738,startup_389,CEO,37.28594357505804,True
founder_805,startup_389,CTO,13.947319588666454,False
founder_985,startup_389,COO,1.3580371802244549,True
founder_193,startup_390,CEO,9.760936100163896,True
founder_1825,startup_390,COO,6.309572268008887,True
founder_311,startup_391,CEO,34.03814466493992,True
founder_1088,startup_391,COO,11.335011268456517,True
founder_154,startup_391,CPO,3.7443696008073206,True
founder_220,startup_391,CTO,19.912986447098415,False
founder_1115,startup_392,CEO,10.36248337714553,True
founder_1955,startup_392,Founder,12.665573506780774,True
founder_1461,startup_392,CPO,8.530178697947576,True
founder_1729,startup_393,CEO,21.904531040333953,True
founder_244,startup_394,CEO,21.152263354228168,True
founder_1678,startup_394,COO,3.7378949006762205,True
founder_1933,startup_395,CEO,25.07359798858015,False
founder_1642,startup_396,CEO,9.213559507701804,True
founder_733,startup_397,CEO,26.92022699148125,False
founder_182,startup_397,Founder,13.46460222183606,True
founder_42,startup_398,CEO,20.825005702583212,True
founder_995,startup_398,COO,1.6745055791189836,True
founder_132,startup_399,CEO,32.407815547772856,True
founder_293,startup_399,CTO,16.24356708451682,True
founder_1327,startup_399,CPO,3.0584805929504286,True
founder_1618,startup_400,CEO,25.302111214254257,False
founder_0,startup_400,Founder,2.8532395778281643,True
founder_405,startup_401,CEO,23.79658235070408,True
founder_713,startup_402,CEO,10.063861740433264,True
founder_1811,startup_402,Founder,7.298097333822633,True
founder_957,startup_403,CEO,34.87510119442494,True
founder_1122,startup_404,CEO,12.736487634956845,True
founder_374,startup_404,CPO,18.620174380033852,True
founder_73,startup_404,Founder,11.998943565697887,True
founder_1103,startup_404,Founder,9.134529187671705,True
founder_561,startup_405,CEO,37.52547545991783,True
founder_1697,startup_405,CTO,6.660915364120497,True
founder_919,startup_405,CPO,3.6905625426903734,False
founder_1587,startup_406,CEO,30.31847527197398,True
founder_139,startup_406,CTO,19.96807531608178,True
founder_1760,startup_407,CEO,6.830928660772074,True
founder_706,startup_407,COO,7.285366540118776,True
founder_1888,startup_408,CEO,34.70426925864963,True
founder_787,startup_409,CEO,13.265594167009494,True
founder_694,startup_409,CTO,14.558915534932074,True
founder_551,startup_409,Founder,4.538651088762212,True
founder_5,startup_410,CEO,8.01634796084206,True
founder_1789,startup_411,CEO,12.228533426896881,True
founder_1918,startup_412,CEO,27.388552437704625,True
founder_1554,startup_412,CTO,13.668042239220775,False
founder_925,startup_412,COO,5.584496596294209,True
founder_1790,startup_413,CEO,20.40119034786739,True
founder_425,startup_414,CEO,25.416363293964825,False
founder_585,startup_415,CEO,15.377826127098112,True
founder_976,startup_415,CTO,4.577624370858505,True
founder_967,startup_416,CEO,18.8222544587964,True
founder_180,startup_416,CTO,19.884992323427095,True
founder_577,startup_416,CPO,16.607866090911514,False
founder_1171,startup_417,CEO,30.426782130326806,False
founder_441,startup_417,CTO,13.08688906413836,False
founder_420,startup_418,CEO,25.304584500899196,True
founder_1695,startup_418,CPO,5.653056746299943,True
founder_1274,startup_419,CEO,26.23281427812675,True
founder_613,startup_419,COO,8.00765830148184,True
founder_677,startup_419,CPO,7.409647404997742,True
founder_908,startup_419,Founder,3.4972078175202252,True
founder_1332,startup_420,CEO,39.737728771358285,True
founder_978,startup_420,COO,8.229388667168694,True
founder_765,startup_420,Founder,5.3208408334963195,True
founder_1107,startup_420,COO,2.983099923271202,True
founder_334,startup_421,CEO,24.625611731759157,True
founder_1097,startup_421,CPO,2.317524705327598,True
founder_709,startup_421,CTO,17.053292828596646,True
founder_424,startup_422,CEO,36.90641817756074,True
founder_1965,startup_422,COO,14.48940351044639,True
founder_248,startup_423,CEO,38.631657720561904,True
founder_320,startup_423,Founder,15.083646507064286,True
founder_688,startup_424,CEO,7.376104336590963,True
founder_808,startup_424,Founder,16.13928882578616,True
founder_1109,startup_425,CEO,6.368898498241767,True
founder_1243,startup_425,COO,14.319177846566213,True
founder_1662,startup_425,CTO,14.811927427849405,True
founder_674,startup_425,COO,13.794313882699054,False
founder_1736,startup_426,CEO,8.949123199970892,True
founder_1542,startup_426,CTO,5.463620797771221,True
founder_1146,startup_426,Founder,7.823044911985618,True
founder_1112,startup_427,CEO,34.42575024897042,True
founder_192,startup_427,Founder,4.057648218939223,True
founder_164,startup_428,CEO,14.39890763367866,True
founder_1971,startup_429,CEO,37.04860831870969,False
founder_99,startup_430,CEO,11.378576247754067,True
founder_247,startup_430,COO,18.83224899404351,True
founder_516,startup_430,Founder,2.8921811384394767,True
founder_1795,startup_430,COO,8.66333586117857,True
founder_1584,startup_431,CEO,34.58086286032892,True
founder_1887,startup_432,CEO,24.024576631341503,True
founder_1438,startup_432,CPO,19.269562483606638,True
founder_675,startup_432,CTO,9.30869155293082,True
founder_1740,startup_433,CEO,36.72198463570792,True
founder_929,startup_433,CPO,12.71679827299803,True
founder_1139,startup_434,CEO,37.02051750164976,True
founder_1121,startup_435,CEO,29.28316735659582,True
founder_1594,startup_435,COO,16.21933352640215,False
founder_341,startup_435,CPO,8.931188610269118,True
founder_138,startup_435,CPO,15.243979022935433,True
founder_1395,startup_436,CEO,26.341529751941852,True
founder_194,startup_436,CPO,10.215210254661123,False
founder_1370,startup_436,CTO,7.139646864836308,False
founder_1216,startup_437,CEO,36.60030889156381,True
founder_1030,startup_437,Founder,13.81981153427641,True
founder_337,startup_437,CPO,8.304980708382777,True
founder_664,startup_438,CEO,6.042072596882349,False
founder_450,startup_438,Founder,15.359694749381589,True
founder_911,startup_439,CEO,6.881757883619433,True
founder_211,startup_439,Founder,2.1072793200767777,True
founder_1647,startup_439,COO,18.644193650038968,False
founder_928,startup_439,COO,15.18948882596168,True
founder_1414,startup_440,CEO,38.80165386108946,True
founder_489,startup_441,CEO,7.9575262447073145,True
founder_530,startup_441,COO,2.9655107729627277,True
founder_92,startup_442,CEO,31.53535177216935,True
founder_1062,startup_442,CPO,6.7664938524166605,True
founder_1045,startup_442,CPO,3.2138263845731183,True
founder_714,startup_443,CEO,6.165320534002726,True
founder_1781,startup_444,CEO,39.744355352267675,True
founder_1050,startup_445,CEO,6.693395763489644,True
founder_1213,startup_446,CEO,22.341468915964544,True
founder_1340,startup_446,CPO,7.215820462391195,True
founder_1228,startup_447,CEO,13.172467487485486,False
founder_448,startup_447,CPO,9.200056004089932,True
founder_1253,startup_448,CEO,22.936808688528117,False
founder_1786,startup_448,Founder,4.219330333638409,False
founder_270,startup_448,COO,3.592002344208262,True
founder_51,startup_449,CEO,24.206346958372755,True
founder_1530,startup_449,CPO,7.378764914909084,True
founder_1093,startup_450,CEO,33.237271922925004,True
founder_1953,startup_450,CTO,13.452537869385267,True
founder_1350,startup_451,CEO,38.58257681674785,True
founder_118,startup_451,CPO,16.15702301046235,True
founder_1145,startup_452,CEO,31.252987262704018,True
founder_1292,startup_452,Founder,19.98311009917965,True
founder_475,startup_453,CEO,26.374909577227037,True
founder_492,startup_454,CEO,25.537515449552856,True
founder_1073,startup_454,CTO,13.207272699824568,True
founder_807,startup_454,CTO,14.314215585439264,True
founder_162,startup_455,CEO,33.07293744240026,True
founder_1239,startup_455,CPO,8.690632567771644,True
founder_731,startup_455,CTO,4.242643690168662,True
founder_365,startup_456,CEO,11.421794285122385,True
founder_310,startup_457,CEO,12.189848334332801,True
founder_1102,startup_457,Founder,16.97456018253007,True
founder_1151,startup_458,CEO,23.823386083206636,True
founder_305,startup_458,Founder,3.1953809452729494,True
founder_227,startup_459,CEO,26.08483069676927,True
founder_1972,startup_459,CPO,7.67488147178971,True
founder_188,startup_459,Founder,5.695793345874702,True
founder_603,startup_460,CEO,36.12577449854443,False
founder_83,startup_460,CTO,2.5164856469545587,True
founder_1033,startup_461,CEO,29.340560111624118,True
founder_560,startup_462,CEO,22.947090944196976,True
founder_1284,startup_463,CEO,36.96330774023983,True
founder_103,startup_463,Founder,15.859934977602656,True
founder_428,startup_464,CEO,15.447743561935523,True
founder_1418,startup_465,CEO,39.321904143247544,True
founder_484,startup_465,Founder,4.261699060135255,True
founder_1176,startup_466,CEO,22.80646065243623,False
founder_1328,startup_466,COO,18.91454438031591,True
founder_1255,startup_466,Founder,15.54300170584279,True
founder_1174,startup_467,CEO,35.955610487881124,True
founder_187,startup_467,COO,19.085065984330694,True
founder_1864,startup_468,CEO,5.452871057786374,True
founder_34,startup_469,CEO,28.23822252383565,True
founder_1119,startup_470,CEO,25.35625208466755,True
founder_1360,startup_470,Founder,2.274412405520217,True
founder_622,startup_470,COO,8.925773361317528,True
founder_1767,startup_471,CEO,36.67546395081208,True
founder_1687,startup_471,CPO,3.359026640226811,True
founder_1538,startup_471,Founder,18.850152072290555,True
founder_45,startup_471,Founder,3.5259446118952367,True
founder_133,startup_472,CEO,12.438835350797373,True
founder_377,startup_472,Founder,2.244679905301997,True
founder_1871,startup_473,CEO,25.459357446799014,True
founder_473,startup_473,Founder,11.214164909713286,True
founder_588,startup_474,CEO,13.626908832703963,True
founder_229,startup_474,CPO,16.023865059124894,True
founder_508,startup_475,CEO,19.520647307696812,True
founder_1532,startup_476,CEO,35.989287337568285,True
founder_7,startup_476,CPO,2.862337877746529,True
founder_1824,startup_477,CEO,31.506509662461895,True
founder_260,startup_477,CPO,18.897794636082896,True
founder_1818,startup_477,CPO,4.654359673991456,True
founder_1873,startup_478,CEO,26.015911322411892,True
founder_1551,startup_478,COO,17.82105640446734,True
founder_867,startup_478,CTO,8.352741563289841,True
founder_1075,startup_479,CEO,12.771505193995399,False
founder_1434,startup_479,COO,15.627968917735997,True
founder_1288,startup_479,CTO,19.10922061294421,True
founder_656,startup_480,CEO,23.359917092332783,True
founder_1708,startup_480,Founder,2.2515117049647873,True
founder_505,startup_481,CEO,30.31274759898858,True
founder_1156,startup_481,Founder,19.06800386066149,True
founder_1917,startup_482,CEO,10.02864158163164,False
founder_1225,startup_482,CPO,4.598603055986404,True
founder_570,startup_483,CEO,10.683317489553927,True
founder_854,startup_483,CTO,18.11885027061924,False
founder_504,startup_484,CEO,36.167298714699086,False
founder_614,startup_484,CTO,14.980141117818505,True
founder_1673,startup_484,CPO,12.951043935174061,False
founder_1207,startup_485,CEO,36.02140566644285,True
founder_490,startup_485,CTO,7.540195417550201,False
founder_1029,startup_485,COO,19.114006771744688,True
founder_1962,startup_486,CEO,35.03800504671265,True
founder_1801,startup_486,Founder,11.086598816348024,True
founder_582,startup_486,Founder,17.80863591713577,True
founder_1007,startup_486,CTO,3.5692165023744677,True
founder_33,startup_487,CEO,20.57608750727325,True
founder_968,startup_488,CEO,12.20152696340016,True
founder_728,startup_488,CPO,14.911092713737405,True
founder_1254,startup_488,CTO,9.0076296322124,True
founder_1324,startup_488,CTO,13.833245081344087,True
founder_507,startup_489,CEO,9.59932561756851,True
founder_464,startup_489,Founder,18.542004120846325,True
founder_1282,startup_490,CEO,21.34362872793053,True
founder_124,startup_490,Founder,19.21928186354423,True
founder_980,startup_491,CEO,36.35231537721253,True
founder_1477,startup_491,CPO,4.135100097255223,True
founder_1741,startup_492,CEO,24.77105417560816,True
founder_1856,startup_492,Founder,7.830666848096385,True
founder_1111,startup_493,CEO,35.26282995459621,True
founder_1592,startup_493,Founder,19.437503586399124,True
founder_35,startup_493,COO,12.060571736898071,True
founder_81,startup_494,CEO,30.057201851492117,True
founder_264,startup_494,Founder,10.915983124915943,True
founder_64,startup_495,CEO,33.83289893183543,True
founder_1679,startup_496,CEO,16.023081164691874,True
founder_1319,startup_497,CEO,12.783012827095519,True
founder_905,startup_498,CEO,10.606874415424926,True
founder_467,startup_499,CEO,31.897251267519668,True
founder_1272,startup_499,CPO,11.500867472997744,False
founder_553,startup_500,CEO,16.13233436536524,True
founder_1446,startup_500,Founder,16.47441779254222,False
founder_886,startup_500,Founder,18.607122908609426,True
founder_1785,startup_501,CEO,38.80520931600248,False
founder_15,startup_501,Founder,7.155846969070625,True
founder_243,startup_502,CEO,33.01126271424526,True
founder_611,startup_502,CTO,10.487038313815246,True
founder_62,startup_503,CEO,36.14924007563957,True
founder_1805,startup_504,CEO,35.18410028981104,True
founder_1943,startup_504,Founder,18.717217620896037,True
founder_1880,startup_505,CEO,38.7184980532733,True
founder_1265,startup_506,CEO,6.7269520473235636,True
founder_170,startup_506,Founder,9.202655471622354,True
founder_2,startup_506,Founder,8.08584986319144,True
founder_342,startup_507,CEO,34.426224014827206,True
founder_1893,startup_507,Founder,8.429806272931728,True
founder_1168,startup_508,CEO,26.601979863183942,True
founder_126,startup_509,CEO,11.030072042613906,True
founder_1792,startup_510,CEO,19.104875147730887,True
founder_569,startup_510,CPO,7.686108293771171,True
founder_1506,startup_511,CEO,21.084240475639614,True
founder_747,startup_512,CEO,8.019650303652178,True
founder_71,startup_512,CPO,19.37037061391564,True
founder_947,startup_513,CEO,35.17735199386148,True
founder_472,startup_514,CEO,8.233233902080112,True
founder_77,startup_514,CTO,17.150429117448937,True
founder_785,startup_514,COO,13.188066947532684,True
founder_289,startup_515,CEO,21.439049932141376,True
founder_440,startup_516,CEO,30.66461370707848,True
founder_290,startup_516,COO,19.377056507141212,True
founder_1357,startup_516,Founder,14.930017856016324,True
founder_101,startup_517,CEO,26.881407253481417,True
founder_149,startup_517,COO,17.05049585794731,True
founder_1114,startup_518,CEO,30.496556067788255,True
founder_1591,startup_518,Founder,12.1525971460776,True
founder_1519,startup_518,COO,4.9703868597460765,True
founder_1692,startup_519,CEO,15.299551666499067,True
founder_1391,startup_520,CEO,28.9068603824872,True
founder_1317,startup_520,CTO,9.377063727272565,True
founder_1668,startup_520,CTO,9.087871902489367,True
founder_950,startup_521,CEO,33.16384788381946,True
founder_838,startup_521,CPO,13.210902921218086,True
founder_1501,startup_521,CPO,12.581828356631343,True
founder_1764,startup_522,CEO,35.39227502201649,True
founder_889,startup_522,COO,5.316119844163314,True
founder_509,startup_523,CEO,9.74317391970842,True
founder_835,startup_523,CPO,7.703293596982571,True
founder_1138,startup_523,Founder,3.8489025876164957,True
founder_1065,startup_523,CTO,8.99975647769055,False
founder_306,startup_524,CEO,28.58546726550393,True
founder_660,startup_524,CPO,13.0653119870696,True
founder_600,startup_525,CEO,30.37409656788472,True
founder_802,startup_526,CEO,23.588816453656325,True
founder_1539,startup_527,CEO,39.612948445017274,False
founder_1105,startup_527,COO,14.095103184806957,True
founder_1702,startup_528,CEO,14.098428494328466,True
founder_74,startup_528,CTO,14.515956439725555,True
founder_961,startup_528,CPO,8.726279579457215,True
founder_1032,startup_528,CTO,15.250300411519412,True
founder_339,startup_529,CEO,36.6659739587538,True
founder_1657,startup_529,CPO,8.179430720583852,True
founder_836,startup_530,CEO,5.4523340444746795,True
founder_1754,startup_530,COO,11.937837731071317,True
founder_1934,startup_531,CEO,5.274779417646186,True
founder_573,startup_531,CTO,1.1755614616358687,True
founder_1569,startup_532,CEO,5.274601039408644,True
founder_1295,startup_532,COO,8.23043219661359,True
founder_1573,startup_532,COO,12.167921928205217,True
founder_1182,startup_532,COO,5.152918812560345,False
founder_1555,startup_533,CEO,30.959544842558735,True
founder_690,startup_533,CTO,16.25537523295594,True
founder_1817,startup_534,CEO,35.37152830731109,False
founder_394,startup_534,CTO,14.300562055134957,True
founder_1334,startup_534,CPO,3.157404542712464,True
founder_409,startup_534,COO,8.568231008018849,True
founder_1331,startup_535,CEO,21.120012614163112,True
founder_1575,startup_536,CEO,38.64548301776714,True
founder_1126,startup_536,Founder,19.56913036819009,True
founder_19,startup_536,Founder,1.8343254590824154,True
founder_1466,startup_536,CTO,8.377150714437938,True
founder_351,startup_537,CEO,31.240875426912133,True
founder_1884,startup_538,CEO,33.64343124061222,True
founder_762,startup_538,CPO,1.6371891568629975,True
founder_1132,startup_539,CEO,8.813435861912561,True
founder_1757,startup_539,CPO,7.925996037036274,True
founder_497,startup_539,CPO,17.4071743363294,True
founder_1383,startup_540,CEO,23.767744403653385,False
founder_1401,startup_541,CEO,11.300600041763573,True
founder_111,startup_541,COO,17.267557833358463,True
founder_304,startup_542,CEO,21.4557662042287,True
founder_1147,startup_542,CPO,1.5285837481073166,True
founder_534,startup_543,CEO,39.953628769087395,True
founder_1508,startup_543,CPO,13.506593060742663,True
founder_610,startup_544,CEO,19.38472072886944,True
founder_789,startup_545,CEO,5.927241958311013,True
founder_1628,startup_545,CPO,6.816700578541768,True
founder_888,startup_545,CPO,16.699425584207198,False
founder_432,startup_546,CEO,12.891958836449149,False
founder_1709,startup_547,CEO,25.035848039632423,True
founder_1639,startup_547,COO,7.851234002012067,True
founder_1734,startup_548,CEO,21.768737420078324,True
founder_986,startup_548,Founder,11.917056140464084,True
founder_1637,startup_549,CEO,27.96148930196009,True
founder_273,startup_549,COO,17.005108920241444,True
founder_1142,startup_550,CEO,19.06516548708941,True
founder_1285,startup_550,COO,17.83229741995651,True
founder_966,startup_551,CEO,21.099702036912046,True
founder_891,startup_552,CEO,35.35661938369197,True
founder_391,startup_553,CEO,12.958080812815234,True
founder_321,startup_553,Founder,8.73832950765177,False
founder_1868,startup_554,CEO,37.480999717700726,True
founder_1189,startup_554,COO,11.985654685146809,True
founder_69,startup_555,CEO,27.43486747112757,True
founder_1202,startup_555,COO,7.254792704589176,True
founder_493,startup_555,CPO,16.249718119326705,True
founder_1457,startup_555,Founder,13.330186784519348,True
founder_695,startup_556,CEO,17.77494122995909,True
founder_776,startup_557,CEO,18.326246827533804,True
founder_1892,startup_557,COO,2.8819743578470964,True
founder_717,startup_558,CEO,7.797893806363455,True
founder_727,startup_558,CTO,10.000010443661935,True
founder_1545,startup_559,CEO,37.88876178554423,True
founder_944,startup_559,COO,7.097859669498615,True
founder_41,startup_559,CPO,9.644037830369772,True
founder_1220,startup_559,CPO,10.215321902691453,True
founder_885,startup_560,CEO,26.694645235694786,True
founder_629,startup_561,CEO,13.95677803839988,True
founder_1674,startup_561,CPO,2.81245012985374,True
founder_1862,startup_562,CEO,32.828065231938346,True
founder_1269,startup_563,CEO,27.561632509811332,True
founder_1264,startup_563,Founder,6.1320656862171585,True
founder_1164,startup_564,CEO,24.82101181653017,True
founder_1725,startup_564,CPO,19.719680796742765,True
founder_684,startup_564,CPO,14.148910234512654,True
founder_1898,startup_565,CEO,37.87427658557482,True
founder_670,startup_566,CEO,18.67515178237732,True
founder_1118,startup_566,COO,11.394922545637643,True
founder_1076,startup_567,CEO,13.583155788901422,True
founder_1000,startup_567,Founder,6.668710418334112,True
founder_1184,startup_568,CEO,19.974684048463306,False
founder_411,startup_569,CEO,14.035058658797125,True
founder_566,startup_569,CPO,13.639352049655042,True
founder_1492,startup_570,CEO,31.688376454324075,True
founder_778,startup_570,COO,16.27140338836122,True
founder_184,startup_570,CTO,15.896312138371416,True
founder_1483,startup_571,CEO,15.596749953523064,True
founder_8,startup_571,CTO,1.9121106576897682,True
founder_1491,startup_572,CEO,5.216672645730501,True
founder_303,startup_573,CEO,14.316727158479132,True
founder_1588,startup_573,CPO,13.897601452269855,False
founder_1444,startup_573,Founder,16.307951190623434,True
founder_1343,startup_574,CEO,34.867163260933694,True
founder_223,startup_574,CPO,1.7489863820018368,True
founder_1700,startup_574,CTO,11.159354161346448,False
founder_1059,startup_575,CEO,10.219947704385737,True
founder_70,startup_575,CTO,10.048401208330251,True
founder_1287,startup_576,CEO,14.482998708092582,True
founder_1991,startup_576,COO,16.70953336088786,True
founder_135,startup_577,CEO,39.748838856105756,True
founder_1511,startup_577,Founder,2.6125658125606703,True
founder_520,startup_577,Founder,3.5235714933008353,False
founder_527,startup_577,COO,17.93387191755305,True
founder_1885,startup_578,CEO,21.37376733689678,True
founder_1341,startup_578,CTO,11.61122777273,False
founder_990,startup_578,Founder,17.763530529795673,True
founder_994,startup_578,CTO,15.945976333695722,True
founder_770,startup_579,CEO,13.971024459992234,True
founder_1981,startup_580,CEO,33.46619197277441,True
founder_1585,startup_580,CPO,15.800340862497908,True
founder_314,startup_580,CPO,14.010733650341937,True
founder_884,startup_581,CEO,5.215586332085699,True
founder_1463,startup_581,COO,11.148910879373775,True
founder_996,startup_581,CPO,4.738631666989228,True
founder_1629,startup_581,Founder,6.253411146496109,True
founder_1034,startup_582,CEO,10.641823774301884,True
founder_1582,startup_582,CTO,7.152452314799129,True
founder_1593,startup_583,CEO,31.11219684937688,True
founder_730,startup_584,CEO,34.76499640923153,True
founder_514,startup_584,CPO,11.55675192519772,True
founder_1467,startup_584,CTO,18.205464396175735,True
founder_1193,startup_584,Founder,14.473414844275112,True
founder_422,startup_585,CEO,13.294457740916213,True
founder_801,startup_585,Founder,2.872113284623608,True
founder_153,startup_586,CEO,28.17306449564983,True
founder_1513,startup_587,CEO,5.709047099836956,True
founder_1289,startup_588,CEO,20.997660767216132,False
founder_1986,startup_588,CTO,14.79621456097295,True
founder_384,startup_589,CEO,32.62514870877347,True
founder_1249,startup_589,CTO,13.026194491137637,True
founder_1302,startup_590,CEO,23.570100591649933,True
founder_648,startup_590,CPO,16.172703674667854,True
founder_567,startup_591,CEO,6.57361199017704,True
founder_1099,startup_592,CEO,29.192331991622726,True
founder_1737,startup_593,CEO,30.261176499568787,True
founder_715,startup_593,CPO,12.817071504203266,True
founder_1622,startup_594,CEO,30.842533155251896,True
founder_1329,startup_595,CEO,12.486444324293894,False
founder_1844,startup_595,COO,4.246079097808769,True
founder_173,startup_595,Founder,18.79760615580904,True
founder_744,startup_595,COO,13.64445247206879,True
founder_40,startup_596,CEO,9.187840926335031,True
founder_758,startup_596,CTO,7.780134968346023,True
founder_882,startup_596,Founder,6.119287350629038,True
founder_1318,startup_597,CEO,11.80092541095415,True
founder_1346,startup_597,Founder,4.905488213551421,True
founder_1606,startup_597,Founder,8.680646853809947,True
founder_1421,startup_598,CEO,36.26085986141329,True
founder_646,startup_599,CEO,27.459221235423467,True
founder_1489,startup_599,COO,12.873052577866547,True
founder_1947,startup_599,CTO,5.097449943893416,True
founder_1368,startup_600,CEO,25.76729152939906,True
founder_24,startup_600,CPO,10.045140256159467,True
founder_364,startup_600,CPO,2.327312741740638,True
founder_1386,startup_601,CEO,22.059065312143428,True
founder_354,startup_602,CEO,21.388204933429815,True
founder_318,startup_602,COO,14.591908285297807,True
founder_1248,startup_603,CEO,39.636002481184214,True
founder_237,startup_603,CTO,5.979753986972519,False
founder_601,startup_604,CEO,23.80364862957179,True
founder_1516,startup_604,COO,11.0431241624109,False
founder_1117,startup_605,CEO,27.38703954041905,True
founder_256,startup_605,CTO,18.850793269692343,True
founder_1652,startup_605,CTO,12.846970373921165,True
founder_1024,startup_606,CEO,27.535572451198654,True
founder_880,startup_606,COO,10.040487856721924,True
founder_538,startup_607,CEO,12.986890076801505,False
founder_459,startup_607,Founder,15.762013042595335,True
founder_1028,startup_608,CEO,27.833404140536206,True
founder_308,startup_608,CPO,16.717294059286857,True
founder_323,startup_609,CEO,11.65741588936712,True
founder_1799,startup_610,CEO,17.331423269510218,True
founder_152,startup_611,CEO,24.247063814722917,True
founder_1183,startup_611,COO,17.416028785473273,True
founder_1721,startup_612,CEO,9.197651723276312,True
founder_1910,startup_612,COO,8.985860190374407,False
founder_185,startup_612,Founder,18.100409359602544,True
founder_1872,startup_613,CEO,15.846471683773709,True
founder_842,startup_613,CTO,16.108855280723333,True
founder_1396,startup_614,CEO,23.103823310475498,True
founder_1748,startup_614,Founder,2.5985478700091558,True
founder_890,startup_614,CTO,17.6345658672083,True
founder_1296,startup_615,CEO,9.699865231274012,True
founder_1613,startup_615,COO,11.875674386967837,False
founder_268,startup_615,CTO,1.399867233070181,True
founder_1633,startup_616,CEO,34.66169088520357,True
founder_1879,startup_617,CEO,15.328674549625493,True
founder_673,startup_617,CTO,18.241168760723813,False
founder_91,startup_618,CEO,16.421691868398632,True
founder_209,startup_618,COO,15.332156705996896,True
founder_1131,startup_619,CEO,22.138554082910133,True
founder_1505,startup_620,CEO,8.02611396091783,True
founder_1431,startup_620,COO,16.18546489205537,True
founder_1837,startup_620,CTO,11.407960749273212,True
founder_1985,startup_621,CEO,24.891171920127306,True
founder_661,startup_622,CEO,7.2588546701582874,True
founder_850,startup_623,CEO,14.361348396105887,False
founder_628,startup_623,COO,17.805264505944244,False
founder_485,startup_623,COO,10.253613145021017,True
founder_16,startup_624,CEO,27.0325850133016,True
founder_206,startup_624,CPO,2.925773573344882,True
founder_1195,startup_625,CEO,12.08163982109329,True
founder_795,startup_626,CEO,29.05082450173385,True
founder_1113,startup_626,COO,7.570183988330686,False
founder_1488,startup_626,Founder,3.288672796798462,True
founder_1120,startup_627,CEO,14.492676205540121,False
founder_725,startup_627,CPO,4.3810550994501645,True
founder_232,startup_628,CEO,34.128810640339125,True
founder_1209,startup_628,Founder,3.8223554805972357,True
founder_581,startup_629,CEO,5.369651455501526,True
founder_1503,startup_629,COO,4.104154108362097,True
founder_616,startup_630,CEO,20.447549641483505,True
founder_549,startup_631,CEO,21.706966098172604,True
founder_1020,startup_632,CEO,35.53727685742328,True
founder_679,startup_632,Founder,5.687140554497634,True
founder_971,startup_633,CEO,8.94043340390218,True
founder_782,startup_633,Founder,12.614409586099237,True
founder_1684,startup_634,CEO,6.811886321790846,True
founder_749,startup_635,CEO,17.638020984542223,True
founder_1807,startup_635,CTO,6.182683605368694,True
founder_271,startup_636,CEO,25.344256903309212,True
founder_1944,startup_637,CEO,30.641793080603936,True
founder_959,startup_637,Founder,3.4003418335919084,True
founder_1602,startup_638,CEO,13.781060971397592,True
founder_148,startup_638,COO,4.907013279235276,True
founder_1217,startup_638,Founder,12.708965319839793,True
founder_638,startup_639,CEO,30.485289611089833,True
founder_1638,startup_639,CTO,6.249945939187686,True
founder_151,startup_640,CEO,39.832142416089965,False
founder_1714,startup_640,COO,9.67418576822637,True
founder_1820,startup_641,CEO,38.84427636760838,True
founder_857,startup_641,Founder,9.058952917995418,True
founder_1043,startup_642,CEO,37.99360847375829,True
founder_1756,startup_642,Founder,13.918796215733632,True
founder_977,startup_643,CEO,20.227783133385138,True
founder_580,startup_643,CPO,8.504217156797269,True
founder_1054,startup_643,Founder,2.9120998624919032,False
founder_283,startup_644,CEO,34.76675585787153,True
founder_1004,startup_644,CPO,2.117003382548356,True
founder_645,startup_644,CTO,16.729362509930443,True
founder_1727,startup_645,CEO,28.694612477208455,True
founder_381,startup_646,CEO,36.38349974857468,True
founder_740,startup_647,CEO,27.50731902351207,False
founder_910,startup_647,Founder,8.32752327331739,True
founder_1938,startup_647,CTO,10.310421789601882,True
founder_483,startup_647,CTO,3.71963814908631,True
founder_1273,startup_648,CEO,24.411530058384738,True
founder_750,startup_648,CPO,2.711002642725776,True
founder_1835,startup_648,Founder,13.139835959291661,True
founder_1348,startup_649,CEO,11.051015850837404,True
founder_865,startup_650,CEO,31.974393440982837,True
founder_796,startup_650,Founder,1.0456981751559815,True
founder_1630,startup_651,CEO,38.603034702989774,True
founder_599,startup_652,CEO,15.735585839351474,True
founder_359,startup_652,CTO,6.200824922569666,True
founder_1154,startup_653,CEO,36.36222881502664,True
founder_718,startup_653,CPO,1.8908450331012494,False
founder_408,startup_654,CEO,5.1849277461890395,True
founder_1229,startup_654,CTO,4.094777772907732,True
founder_1155,startup_655,CEO,19.734738775573277,True
founder_1337,startup_655,Founder,7.448819641342542,True
founder_1830,startup_655,COO,19.867505717808022,True
founder_1481,startup_656,CEO,14.84674403981346,True
founder_883,startup_657,CEO,9.851972621710788,True
founder_108,startup_657,COO,16.623404050401476,True
founder_10,startup_657,COO,6.119504459398196,True
founder_1078,startup_658,CEO,30.143064713058834,True
founder_1870,startup_659,CEO,21.334517338004524,True
founder_829,startup_659,COO,11.508306565042316,True
founder_544,startup_659,COO,16.955350614007724,True
founder_901,startup_659,COO,4.006189663830973,True
founder_945,startup_660,CEO,21.07991786657594,True
founder_586,startup_660,Founder,4.946096844461752,True
founder_552,startup_660,CTO,4.136545171590508,True
founder_362,startup_660,CTO,4.713241128882659,True
founder_1653,startup_661,CEO,30.392402654582348,True
founder_1300,startup_662,CEO,23.436068067019413,True
founder_1720,startup_662,Founder,4.403002506623718,True
founder_841,startup_663,CEO,15.331746764099625,True
founder_1711,startup_664,CEO,30.424339387325936,True
founder_1875,startup_664,CPO,3.5912543199761986,False
founder_517,startup_665,CEO,36.96063371490122,True
founder_1632,startup_666,CEO,37.80918854078752,True
founder_943,startup_666,CTO,7.40063582637158,True
founder_793,startup_667,CEO,14.588265343888455,True
founder_969,startup_668,CEO,15.361581453209949,True
founder_86,startup_668,COO,16.744170821030174,True
founder_1946,startup_669,CEO,22.006480701680122,True
founder_44,startup_670,CEO,35.906530699211615,True
founder_1214,startup_670,CPO,9.023060236725916,True
founder_1381,startup_671,CEO,10.033082992206445,True
founder_1752,startup_672,CEO,14.930893166261857,True
founder_177,startup_672,COO,15.47286583121413,False
founder_687,startup_672,CTO,7.081479579512272,True
founder_1161,startup_672,CTO,15.975901182548041,False
founder_548,startup_673,CEO,19.602765202805745,True
founder_1008,startup_673,CPO,15.211994081817547,True
founder_1499,startup_673,CPO,18.631087010526713,True
founder_559,startup_674,CEO,18.189045021618714,True
founder_1614,startup_674,CPO,4.121965806261602,True
founder_954,startup_674,Founder,10.74496225786553,True
founder_1541,startup_674,CTO,6.42273596727808,True
founder_129,startup_675,CEO,8.479215188029345,True
founder_1521,startup_676,CEO,7.9806042873544865,True
founder_662,startup_676,Founder,16.148900950778113,True
founder_760,startup_677,CEO,38.82687159509464,True
founder_955,startup_678,CEO,10.442549932581954,True
founder_839,startup_679,CEO,12.64674897673139,True
founder_161,startup_679,CPO,3.2274713752802904,True
founder_1223,startup_680,CEO,10.990920433748604,True
founder_340,startup_681,CEO,33.107230804295035,True
founder_1472,startup_682,CEO,8.989320949854381,False
founder_612,startup_682,CTO,14.89299710905221,True
founder_1406,startup_683,CEO,34.26322439621126,True
founder_667,startup_683,COO,8.184899597547508,True
founder_1482,startup_683,COO,19.508528955433725,True
founder_458,startup_684,CEO,15.98918129410021,True
founder_1100,startup_684,CPO,13.562335825162984,True
founder_663,startup_685,CEO,16.833264322020387,True
founder_653,startup_685,Founder,8.46718786087526,True
founder_331,startup_686,CEO,14.682639996170359,True
founder_761,startup_686,COO,9.043063578283855,False
founder_654,startup_687,CEO,28.960372055748998,False
founder_1930,startup_687,CPO,8.433558691749631,True
founder_1364,startup_687,Founder,10.229691483949527,True
founder_685,startup_687,COO,14.238371282183472,True
founder_1942,startup_688,CEO,38.155934994716695,True
founder_1019,startup_688,Founder,1.66367670763137,True
founder_716,startup_688,CTO,7.183678969196021,True
founder_1290,startup_689,CEO,28.49519965491612,False
founder_1224,startup_689,COO,2.8803684498495397,True
founder_812,startup_690,CEO,31.85580336257619,True
founder_241,startup_690,Founder,7.267091369267862,True
founder_1412,startup_691,CEO,5.613845470782036,True
founder_9,startup_692,CEO,6.271770231563325,True
founder_1819,startup_693,CEO,38.28103558924557,False
founder_1696,startup_694,CEO,5.768013225900143,True
founder_1435,startup_695,CEO,25.293860765285395,True
founder_565,startup_695,Founder,17.37044057416662,True
founder_572,startup_696,CEO,29.661884832540583,True
founder_650,startup_696,COO,7.075358562176758,True
founder_1961,startup_697,CEO,37.77419178137076,False
founder_1636,startup_697,CPO,3.113038584877908,True
founder_1009,startup_698,CEO,5.358235642538058,True
founder_1440,startup_699,CEO,13.741573828039414,True
founder_564,startup_699,CPO,15.830400985449554,True
founder_1181,startup_699,CPO,4.35743480154873,True
founder_1701,startup_699,CPO,1.715173130448187,True
founder_1372,startup_700,CEO,36.16738358976059,True
founder_1398,startup_700,Founder,8.915693803718536,True
founder_1522,startup_701,CEO,24.43110479315442,True
founder_1261,startup_702,CEO,26.22352813998096,True
founder_1160,startup_703,CEO,7.658207199396241,True
founder_1044,startup_703,CTO,15.81222545756222,True
founder_1380,startup_703,COO,10.788520961176442,False
founder_72,startup_704,CEO,32.44429603456585,True
founder_1759,startup_705,CEO,32.387947327390286,True
founder_1703,startup_705,Founder,7.963074081707152,True
founder_491,startup_706,CEO,37.90594145595841,True
founder_596,startup_706,Founder,17.015173001092773,True
founder_210,startup_707,CEO,35.133674901669124,True
founder_1625,startup_707,Founder,18.37094190469817,True
founder_626,startup_707,Founder,8.547902144364347,True
founder_640,startup_708,CEO,5.154055734242435,True
founder_1218,startup_708,CPO,15.275843782347701,True
founder_1867,startup_709,CEO,25.70550597398236,True
founder_862,startup_709,COO,3.537182621501099,True
founder_1982,startup_710,CEO,24.955348591857142,True
founder_1540,startup_710,CTO,5.988382739282563,False
founder_951,startup_710,CTO,16.72252657825164,True
founder_1743,startup_711,CEO,15.879466035758476,True
founder_1373,startup_711,CTO,15.653001971021824,False
founder_658,startup_711,CPO,9.41473536966834,True
founder_1178,startup_712,CEO,22.28137103297764,True
founder_702,startup_712,CPO,17.09125013077765,False
founder_1262,startup_712,COO,18.444461679471846,True
founder_788,startup_713,CEO,19.91438918900858,True
founder_1803,startup_713,CTO,17.942890627640605,True
founder_1137,startup_714,CEO,35.42774801737721,True
founder_557,startup_714,Founder,15.114500012040802,True
founder_155,startup_715,CEO,29.415349683949785,True
founder_827,startup_716,CEO,6.582496879911812,True
founder_1859,startup_717,CEO,5.021063674069673,True
founder_1627,startup_718,CEO,12.522876805295613,True
founder_1500,startup_718,CTO,5.286705769526366,True
founder_1306,startup_718,Founder,12.529817016393686,True
founder_1802,startup_719,CEO,30.649371629200736,True
founder_775,startup_720,CEO,18.04829245223945,True
founder_367,startup_720,CTO,10.168096588360708,True
founder_145,startup_721,CEO,6.10135571784585,False
founder_1568,startup_721,CTO,2.0872892486858685,True
founder_1722,startup_722,CEO,29.83364679388242,True
founder_1574,startup_722,CPO,18.670293503892598,True
founder_1635,startup_723,CEO,39.36185697468264,True
founder_637,startup_723,CPO,6.019605420563663,True
founder_1427,startup_724,CEO,31.933488671842717,True
founder_1497,startup_724,CTO,16.895231270651323,True
founder_1742,startup_724,Founder,4.778495864213488,True
founder_958,startup_724,Founder,15.796837368551822,True
founder_1751,startup_725,CEO,9.997235185169576,True
founder_251,startup_725,Founder,13.239096478662148,True
founder_1055,startup_726,CEO,13.13819225966532,True
founder_710,startup_726,CTO,2.4472333689245582,True
founder_150,startup_726,Founder,10.788899278781479,True
founder_1191,startup_727,CEO,34.07398643277549,True
founder_536,startup_727,Founder,2.7374705623036437,True
founder_1443,startup_727,CPO,12.171701640224803,True
founder_327,startup_728,CEO,24.58035863627776,False
founder_1547,startup_729,CEO,29.799455060648583,True
founder_870,startup_729,CPO,19.356283325712923,True
founder_1787,startup_730,CEO,14.02392371843487,True
founder_1134,startup_731,CEO,8.377223829261403,True
founder_1462,startup_732,CEO,18.15195446200724,True
founder_1976,startup_732,Founder,7.389356322790875,True
founder_1525,startup_733,CEO,7.839266916216041,True
founder_1245,startup_733,COO,3.7259498491264083,True
founder_1478,startup_734,CEO,36.11591997533428,True
founder_1766,startup_734,COO,4.241986522834663,True
founder_1101,startup_734,CPO,10.38829104840704,True
founder_989,startup_735,CEO,25.984133205752713,True
founder_1970,startup_736,CEO,39.362177298601345,True
founder_1052,startup_736,CPO,13.3942872210958,True
founder_594,startup_737,CEO,37.003219503343516,True
founder_1860,startup_738,CEO,22.144064908876963,True
founder_1512,startup_739,CEO,13.515451697535763,False
founder_1179,startup_740,CEO,15.40529062018371,True
founder_416,startup_740,CTO,5.440643527101878,True
founder_1718,startup_740,CTO,16.71664941307182,False
founder_160,startup_741,CEO,28.882124298390444,True
founder_1776,startup_741,CTO,15.683163854148036,True
founder_404,startup_742,CEO,12.545712538894335,True
founder_912,startup_742,CTO,8.412217835818938,False
founder_1669,startup_742,CPO,1.2271000325604926,True
founder_1240,startup_742,CPO,16.15114895695373,True
founder_871,startup_743,CEO,17.838224011396157,True
founder_297,startup_743,COO,18.126730391018505,True
founder_1480,startup_743,Founder,2.247813856219692,True
founder_287,startup_743,Founder,6.176165908826422,True
founder_643,startup_744,CEO,33.306054963507705,True
founder_225,startup_744,CTO,9.139157649214697,True
founder_1640,startup_744,COO,14.445260115195861,True
founder_1843,startup_745,CEO,17.18675949484298,True
founder_1222,startup_745,COO,8.019921851163712,True
founder_655,startup_745,CTO,5.954598406691386,True
founder_887,startup_746,CEO,38.72740810371099,True
founder_216,startup_746,Founder,2.8846177237558708,True
founder_779,startup_747,CEO,9.758756953743053,True
founder_127,startup_747,COO,3.0968018447849697,True
founder_1894,startup_748,CEO,9.337348822115455,True
founder_435,startup_748,CPO,9.229819482141854,True
founder_1321,startup_748,COO,8.860901011058337,True
founder_1084,startup_748,CPO,12.077835386990682,True
founder_50,startup_749,CEO,14.165026500131688,True
founder_1957,startup_749,CTO,16.994533102916364,True
founder_1095,startup_750,CEO,24.82329579522016,True
founder_949,startup_750,Founder,16.13120490290165,True
founder_1405,startup_751,CEO,26.607413783523384,True
founder_722,startup_751,CTO,5.995417342722077,True
founder_61,startup_752,CEO,24.823285810432203,True
founder_837,startup_752,CPO,16.331994751984137,True
founder_1362,startup_752,CPO,19.470692689231782,True
founder_488,startup_753,CEO,15.506835054405512,False
founder_590,startup_753,CTO,14.76258864570595,True
founder_36,startup_753,COO,7.4808142281650944,True
founder_1376,startup_753,Founder,11.555611330523005,True
founder_1641,startup_754,CEO,24.59021668420269,True
founder_846,startup_754,COO,2.360722274387232,True
founder_1458,startup_754,CTO,14.862993919859635,False
founder_217,startup_755,CEO,36.33914313162819,True
founder_201,startup_756,CEO,19.079157629804737,True
founder_500,startup_756,Founder,19.07489303804191,True
founder_221,startup_757,CEO,9.186044410068238,True
founder_1833,startup_757,COO,10.239747622902584,True
founder_721,startup_757,Founder,8.17921630287986,True
founder_1546,startup_758,CEO,7.589704798130157,True
founder_197,startup_758,Founder,15.043462173626487,True
founder_1682,startup_759,CEO,18.012318718257795,True
founder_240,startup_759,CTO,16.00497075738436,True
founder_1928,startup_759,CPO,10.389683721453286,True
founder_418,startup_759,Founder,16.916511577136554,True
founder_1333,startup_760,CEO,5.651198452180689,False
founder_1177,startup_761,CEO,28.369950812944133,True
founder_860,startup_761,CPO,18.953338352137276,True
founder_545,startup_762,CEO,16.98401161132415,True
founder_1705,startup_763,CEO,35.059826399617684,True
founder_746,startup_763,COO,15.800928720734506,True
founder_676,startup_764,CEO,8.716935759711493,True
founder_1995,startup_764,CPO,14.877310563235019,True
founder_1212,startup_765,CEO,15.018872093538889,True
founder_195,startup_765,CPO,10.347257242473432,True
founder_598,startup_766,CEO,25.151316212073393,True
founder_774,startup_767,CEO,34.88431858038402,True
founder_1732,startup_767,CTO,5.2486562093107425,True
founder_876,startup_768,CEO,6.525458038441162,True
founder_1072,startup_768,Founder,6.645985315586752,True
founder_312,startup_768,COO,16.697183633854515,False
founder_892,startup_768,COO,7.869859531948023,True
founder_87,startup_769,CEO,7.857251997188123,True
founder_1719,startup_769,Founder,13.052472470142263,True
founder_1021,startup_770,CEO,32.90465408613905,True
founder_1219,startup_770,COO,12.085353725087115,True
founder_125,startup_770,Founder,17.933956834985192,True
founder_705,startup_771,CEO,14.031416163374118,False
founder_222,startup_772,CEO,28.562056679590576,True
founder_501,startup_773,CEO,30.931527470626836,True
founder_1311,startup_773,CTO,8.229932544885312,True
founder_58,startup_774,CEO,6.083493104368831,True
founder_899,startup_774,COO,13.120771389124862,True
founder_317,startup_775,CEO,30.18139889107882,True
founder_176,startup_776,CEO,39.74977595058354,True
founder_1515,startup_777,CEO,26.82497784939609,True
founder_469,startup_778,CEO,28.737529468672037,True
founder_513,startup_778,Founder,9.054998697982787,False
founder_1186,startup_779,CEO,15.352746343113392,True
founder_1277,startup_779,Founder,16.088336367793325,True
founder_691,startup_779,CPO,14.402591229348209,False
founder_419,startup_780,CEO,5.636804887976891,True
founder_1526,startup_780,Founder,14.2737484234381,True
founder_1793,startup_780,CPO,11.396085149756374,True
founder_826,startup_781,CEO,17.146382240600328,True
founder_1067,startup_782,CEO,6.354632955251267,True
founder_1271,startup_783,CEO,12.800261863622271,True
founder_1339,startup_783,CTO,19.92413875556574,False
founder_621,startup_784,CEO,16.657815588561192,True
founder_813,startup_784,Founder,14.36937037529573,True
founder_1865,startup_784,CTO,6.942943546769294,True
founder_606,startup_785,CEO,17.3327105656094,True
founder_917,startup_785,CPO,13.524300895378058,True
founder_1514,startup_785,Founder,13.540089890617946,True
founder_1315,startup_786,CEO,21.890140639610042,True
founder_1188,startup_786,CPO,19.18436423138572,True
founder_6,startup_787,CEO,21.238195318609854,True
founder_1675,startup_787,CPO,19.958627904179185,False
founder_254,startup_787,COO,7.377991887157095,True
founder_1840,startup_788,CEO,22.242983703179732,True
founder_672,startup_789,CEO,21.22015480529426,True
founder_1056,startup_789,COO,17.23712995866397,True
founder_1231,startup_789,COO,16.82214234561072,False
founder_680,startup_790,CEO,31.277418926635534,True
founder_1883,startup_790,CPO,8.264602271587258,True
founder_641,startup_790,CPO,18.823612877697652,True
founder_1326,startup_790,CPO,18.67216907616422,True
founder_1561,startup_791,CEO,10.273242465595391,True
founder_1192,startup_791,COO,13.541996519550693,True
founder_575,startup_791,COO,4.825082419609439,True
founder_429,startup_791,CPO,7.138583819497533,True
founder_296,startup_792,CEO,29.973735928367578,True
founder_587,startup_792,CTO,8.891856838383072,True
founder_1921,startup_793,CEO,9.033908918786405,True
founder_729,startup_794,CEO,24.412947032145183,True
founder_1083,startup_794,COO,10.171540423334948,True
founder_1136,startup_795,CEO,13.018742190324403,True
founder_67,startup_795,COO,14.629040232863257,True
founder_1026,startup_796,CEO,16.000384187100046,True
founder_1242,startup_796,Founder,7.779185984888089,False
founder_1450,startup_797,CEO,36.058503661404856,False
founder_202,startup_797,COO,5.0497818090656175,True
founder_301,startup_798,CEO,20.33384680717286,True
founder_373,startup_798,CPO,11.555721156320406,True
founder_903,startup_798,CTO,2.49702424511633,True
founder_1854,startup_798,CPO,10.231088112277662,True
founder_1683,startup_799,CEO,19.932690322994308,True
founder_1528,startup_799,CPO,13.535939471852531,True
